Chốt lịch thi tốt nghiệp THPT 2025,Bộ GDĐT công bố chi tiết lịch thi tốt nghiệp THPT 2025
"Bộ GDĐT dự kiến phạt tiền học sinh xúc phạm giáo viên, cách ly khỏi trường học","Học sinh xúc phạm danh dự, thân thể giáo viên có thể bị cách ly khỏi trường học"
"Thi tốt nghiệp THPT năm 2026 có một số điều chỉnh, 2027 thi trên máy tính",5 điều chỉnh quan trọng ở kỳ thi tốt nghiệp THPT 2026
3 chính sách giáo dục có hiệu lực từ tháng 10.2025,"Từ tháng 10, Việt Nam thực hiện 3 chính sách giáo dục mới"
Chính sách mới có hiệu lực từ tháng 10/2025,Chính sách nổi bật có hiệu lực từ tháng 10
Bộ GD-ĐT công bố chương trình giáo dục nâng cao mới của 15 môn chuyên,Ban hành chương trình nâng cao của 15 môn chuyên
Chốt quy chế tuyển sinh đại học 2025,"Bộ GD-ĐT 'chốt' quy chế tuyển sinh đại học 2025: Bỏ xét tuyển sớm, quy đổi điểm tương đương"
Lịch thi tốt nghiệp THPT năm 2025 chính thức,Bộ GD-ĐT công bố chi tiết lịch thi tốt nghiệp THPT năm 2025
"Dự kiến sáp nhập hơn 30 trường đại học, cao đẳng, trung cấp của TP.HCM","TPHCM dự kiến sáp nhập hơn 30 đại học, cao đẳng"
Hơn 200 đại học công bố điểm chuẩn năm 2025,"Hơn 250 trường công bố điểm chuẩn đại học 2025, nhiều ngành điểm cao chót vót"
Lịch tựu trường 34 tỉnh thành năm học mới 2025-2026,"Lịch tựu trường 34 tỉnh, thành khác nhau ra sao, nơi nào sớm nhất?"
Hà Nội hỏa tốc thông báo các trường ứng phó với hoàn lưu bão Matmo,"Ứng phó hoàn lưu bão Matmo, Sở Giáo dục Hà Nội phát thông báo hỏa tốc"
"Bộ GD-ĐT: Thiếu giáo viên ở mức báo động, từ mầm non tới phổ thông thiếu 102.000 người",Cả nước còn thiếu hơn 102.000 giáo viên từ mầm non đến phổ thông
"Lũ cuốn trôi cầu, ""thót tim"" cảnh hơn 200 học sinh vượt sông đến trường","Cầu bị cuốn trôi, hơn 200 học sinh xã Yên Hòa ngồi thuyền đến trường"
Bộ GD-ĐT công bố đề tham khảo thi tốt nghiệp THPT từ năm 2025,Công bố đề thi tham khảo thi tốt nghiệp THPT từ năm 2025
"Thí sinh đăng ký dự thi tốt nghiệp THPT chọn môn sử, địa áp đảo","Gần 50% thí sinh chọn thi tốt nghiệp THPT môn lịch sử, địa lý"
Điểm sàn xét tuyển của hơn 200 trường đại học năm 2025,"Hơn 200 trường đại học công bố điểm sàn, cao nhất 25 điểm, thấp nhất 14 điểm"
Loạt đại học phía Nam lấy điểm sàn từ 15,"Loạt trường đại học phía Nam công bố điểm sàn, thấp nhất 15 điểm"
Công bố điểm sàn 8 trường công an,Điểm sàn xét tuyển vào 8 trường Công an năm 2025
Điểm sàn 8 trường thành viên Đại học Quốc gia TP HCM,Điểm sàn Đại học Quốc gia TP HCM 2025: Chi tiết 8 trường thành viên
"Đại học lo thiếu sinh viên, hạ sâu điểm sàn",Các đại học hạ điểm sàn 2025 do lo thiếu chỉ tiêu
"Điểm sàn của 13 trường, khoa thuộc Đại học Huế",Điểm sàn Đại học Huế 2025: 13 trường khoa chi tiết
19 phương thức xét tuyển đại học năm 2025,Bộ GD-ĐT công bố 19 phương thức xét tuyển ĐH 2025
"Tuyển sinh 2025: Những điểm thí sinh cần lưu ý, tránh mất cơ hội",Lưu ý quan trọng trong tuyển sinh đại học 2025 cho thí sinh
Bộ Giáo dục công bố lịch xét tuyển đại học 2025,Lịch xét tuyển đại học năm 2025 chính thức từ Bộ GD-ĐT
Tuyển sinh 2025: Bộ GD-ĐT thêm 3 phương thức xét tuyển,Thêm 3 phương thức xét tuyển mới cho đại học 2025
Danh sách 133 thí sinh được miễn thi tốt nghiệp THPT và tuyển thẳng,133 học sinh được miễn thi và ưu tiên xét tuyển thẳng ĐH 2025
Năm 2025 xét tuyển đại học bằng điểm SAT ra sao?,Quy định xét tuyển ĐH 2025 dựa trên điểm SAT mới nhất
18 loại học bổng hiệp định cho du học sinh Việt Nam năm 2025,Danh sách 18 học bổng hiệp định du học 2025 cho Việt Nam
Các bước đăng ký học bổng Tiếp sức đến trường năm 2025,Hướng dẫn đăng ký học bổng Tiếp sức đến trường 2025
STU tung học bổng 'khủng' năm 2025 - cơ hội cho sĩ tử,Học bổng lớn từ STU dành cho tân sinh viên 2025
Hơn chục sinh viên nhận học bổng hàng trăm triệu đồng nhờ giải quốc tế,Sinh viên nhận học bổng lớn nhờ thành tích thi quốc tế 2025
"Bộ Giáo dục đề xuất sáp nhập trường mầm non, tiểu học dưới chuẩn",Đề xuất sáp nhập trường mầm non và tiểu học không đạt chuẩn
"Bộ GD-ĐT hướng dẫn sắp xếp trường mầm non, phổ thông, giáo dục thường xuyên",Hướng dẫn sắp xếp trường mầm non và phổ thông từ Bộ GD-ĐT
Trình Quốc hội phổ cập giáo dục mầm non cho trẻ 3-5 tuổi,Phổ cập giáo dục mầm non trẻ 3-5 tuổi: Trình Quốc hội 2025
"Khung học phí từ năm học 2025-2026 với trẻ mầm non, học sinh phổ thông",Học phí mầm non và phổ thông năm 2025-2026: Khung mới
Thí sinh đăng ký vào sư phạm mầm non tăng 4 lần chỉ sau 1 năm,Số lượng thí sinh sư phạm mầm non tăng gấp 4 lần năm 2025
"Dự kiến mức trần học phí mầm non, phổ thông và đại học các năm tới",Mức trần học phí mầm non và phổ thông dự kiến 2025-2026
Đề xuất trợ cấp 1 năm tiền lương cho giáo viên mầm non tuyển mới,Trợ cấp lương 1 năm cho giáo viên mầm non mới tuyển 2025
"Vì sao phải sáp nhập các trường mầm non, phổ thông?",Lý do sáp nhập trường mầm non và phổ thông năm 2025
Hơn 10.000 thí sinh thi tuyển làm giáo viên ở TP HCM,Hơn 10.000 ứng viên thi tuyển giáo viên TP HCM 2025
Hai trường sư phạm thông báo bổ sung chỉ tiêu đào tạo giáo viên,Bổ sung chỉ tiêu đào tạo giáo viên tại hai trường sư phạm 2025
