Nguyễn Thùy Linh vào chung kết giải cầu lông Việt Nam mở rộng 2025,Nguyễn Thùy Linh xuất sắc vào chung kết giải cầu lông Việt Nam mở rộng 2025
"Đội tuyển Việt Nam tụt một bậc, xếp hạng 114 thế giới",FIFA Ranking tháng 9-2025: Việt Nam rớt 1 bậc trên BXH
U23 Việt Nam - Yemen: 1-0: Vất vả giành vé đi tiếp,"Đánh bại U23 Yemen, U23 Việt Nam đoạt vé dự VCK U23 châu Á"
Nguyễn Thùy Linh thua tay vợt Trung Quốc tại chung kết Vietnam Open 2025,"Thua tay vợt Trung Quốc, Thùy Linh không thể lần thứ 4 liên tiếp vô địch Vietnam Open"
Tân binh Ninh Bình hạ Nam Định ở V-League,"Hoàng Đức, Văn Lâm giúp Ninh Bình hạ đương kim vô địch V-League"
Thể thao Việt Nam tăng tốc cho SEA Games 33,Thể thao Việt Nam gấp rút chuẩn bị cho SEA Games 33
"Lịch thi đấu vòng 16 đội Giải bóng chuyền nam vô địch thế giới, ngày 22-9",Lịch thi đấu bóng chuyền nam vô địch thế giới 2025 hôm nay (22.9)
Hơn 115 VĐV tham gia Giải cầu lông các Cây vợt xuất sắc quốc gia năm 2025,115 vận động viên tham gia Giải Cầu lông các cây vợt xuất sắc quốc gia
Đội tuyển Việt Nam công bố danh sách tập trung tháng 9,ĐT Việt Nam chốt danh sách đá giao hữu với Nam Định và CAHN
Huyền thoại cầu lông Tiến Minh tái xuất tại Vietnam Open 2025,Lão tướng' Nguyễn Tiến Minh tái xuất tại giải Cầu lông quốc tế Vietnam Open 2025
Vòng loại Giải futsal châu Á 2026: Tuyển Việt Nam 'quật ngã' chủ nhà Trung Quốc,"Thắng đậm Trung Quốc, đội tuyển Việt Nam xây chắc ngôi đầu giải futsal châu Á"
Nguyễn Huy Hoàng giành thêm huy chương vàng giải bơi Đông Nam Á,"Kình ngư Việt Nam đoạt HCV giải bơi đường dài Đông Nam Á, mơ về SEA Games 33"
Nữ hoàng tốc độ' Nhi Yến từ giã điền kinh Việt Nam ở tuổi 20,‘Nữ hoàng tốc độ’ Trần Thị Nhi Yến từ giã đội tuyển điền kinh Việt Nam
Hanoi Buffaloes giành chức vô địch VBA đầu tiên sau 10 năm chờ đợi,Hanoi Buffaloes lần đầu tiên vô địch giải bóng rổ chuyên nghiệp VBA
ĐT nữ Việt Nam kết thúc ASEAN Cup 2025 bằng chiến thắng đậm trước ĐT nữ Thái Lan,Đội tuyển nữ Việt Nam giành hạng Ba giải ASEAN Cup 2025
Bảng xếp hạng V-League 2025/2026 mới nhất: HAGL tạm xếp cuối,Bảng xếp hạng V.League 2025-2026 vòng 4 mới nhất
Môn bi sắt đối diện nguy cơ bị cấm tổ chức ở SEA Games 33,Chấn động SEA Games 33: Thái Lan bị tước quyền tổ chức môn bi sắt vì bê bối tình dục
Nhiều VĐV chuyên nghiệp dự chung kết Giải chạy báo Hà Nội Mới 2025,Hơn 3.000 VĐV tham dự chung kết giải chạy Báo Hà Nội Mới mở rộng 2025
Danh sách rút gọn Quả bóng Vàng Việt Nam 2024: Khó đoán người chiến thắng,Công bố danh sách rút gọn Quả bóng vàng Việt Nam 2024
Tiến Linh ghi bàn và phản lưới khi gặp đội bóng cũ,Tiến Linh vừa ghi bàn đội bóng cũ vừa vô tình… phản lưới nhà
Liên đoàn Bóng chuyền châu Á: 'Chiến thắng của Việt Nam trước Thái Lan đầy trang lệ',Liên đoàn Bóng chuyền châu Á ngợi ca: Chiến thắng vang dội của bóng chuyền nữ Việt Nam
Wushu Việt Nam xếp hạng ba toàn đoàn giải châu Á,Wushu Việt Nam giành hạng 3 toàn đoàn tại Cúp châu Á 2025
Đô cử 15 tuổi K’Dương phá 3 kỷ lục cử tạ thế giới thanh thiếu niên,Lực sĩ 15 tuổi của Việt Nam phá 3 kỷ lục thế giới
Hà Nội FC chia tay HLV Nhật Bản,HLV Nhật Bản rời 'ghế nóng' Hà Nội FC
Việt Nam thảm bại 0-4 trước Malaysia,Việt Nam thua Malaysia 0-4 ở vòng loại Asian Cup
Việt Nam vô địch AFF Cup 2018,Chung kết AFF Cup 2018: Đội tuyển Việt Nam nâng cúp vàng lịch sử
Chính thức: HLV Park Hang Seo chia tay ĐT Việt Nam sau AFF Cup 2022,Huấn luyện viên Park Hang Seo chia tay bóng đá Việt Nam
Argentina vô địch World Cup 2022,Messi cùng Argentina vô địch World Cup 2022
Lionel Messi lần thứ 8 giành Quả bóng Vàng,Messi đoạt Quả Bóng Vàng thứ tám
Lê Công Vinh chính thức tuyên bố giã từ bóng đá,Công Vinh giải nghệ
"Djokovic vô địch US Open, nối dài kỷ lục danh hiệu Grand Slam","Vô địch US Open 2023, Djokovic giành Grand Slam thứ 24"
